ventana_inicio,ventana_fin,dias_train,dias_test,MAE_modelo,MAE_baseline,mejora_%
2022-01-09,2022-03-10,365,60,8473.566717990823,8612.497233333335,1.6131269662973367
2022-03-10,2022-05-09,425,60,17889.03127495512,18761.793433333332,4.651805604189263
2022-05-09,2022-07-08,485,60,9127.9266941174,10018.550666666668,8.8897486490987
2022-07-08,2022-09-06,545,60,5900.736508445708,6348.436016666668,7.052122870036125
2022-09-06,2022-11-05,605,60,11926.509120846145,13438.1119,11.248624735397943
2022-11-05,2023-01-04,665,60,9976.954221461581,10701.7833,6.772974729720213
2023-01-04,2023-03-05,725,60,9640.2422834786,9930.217383333335,2.9201284187536842
2023-03-05,2023-05-04,785,60,13179.15055209701,14348.941783333335,8.152456459159021
2023-05-04,2023-07-03,845,60,13745.257964904928,13850.439633333335,0.7594103235197738
2023-07-03,2023-09-01,905,60,7645.021330317762,8805.85795,13.182549914767113
2023-09-01,2023-10-31,965,60,15272.889142340031,16050.481549999999,4.844667153677814
2023-10-31,2023-12-30,1025,60,10810.54053828366,11385.418933333334,5.0492511379321385
2023-12-30,2024-02-28,1085,60,17226.926332190742,18115.440016666667,4.904731453712801
2024-02-28,2024-04-28,1145,60,18397.45251436438,19860.735633333337,7.367718628272008
2024-04-28,2024-06-27,1205,60,17377.610629374052,19565.593366666664,11.182807984858844
2024-06-27,2024-08-26,1265,60,13725.335244968046,14121.386083333333,2.8046173090099358
2024-08-26,2024-10-25,1325,60,15835.373307948787,18694.75841666666,15.295116657772311
2024-10-25,2024-12-24,1385,60,13742.366425526996,15730.060033333335,12.636274773231934
