mes,MAE_mes,std_error,dias
1,14021.544089768036,9405.435351105989,31
2,19714.021973824827,14318.667017132224,29
3,20383.841940192407,16487.637711722276,31
4,15552.028031830385,12538.638775271975,30
5,17035.06536624936,10824.4497827824,31
6,20549.708711571275,13378.71241278635,30
7,16428.031355794043,12466.923481323734,31
8,9740.140410769036,9375.747676985127,31
9,13594.81866723774,11611.02467376088,30
10,20057.09347094281,15203.704184164419,31
11,14609.356917414581,13442.310208809562,30
12,9013.554806285983,7522.816924094266,31
