fecha,generacion_fotovoltaica,media_mes,z_score_mensual,prec,hrMedia,sol,tmax
2021-09-14,22826.606,114969.74455333332,-2.1564723657177853,13.433216235523693,78.46188825422377,1.3116244246847946,23.4314060057059
2021-05-09,44242.224,126892.46187096775,-2.1132203128326825,5.8844117213812765,67.98186549586553,4.849088567815518,21.06487830122267
2021-09-13,25534.977,114969.74455333332,-2.0930869925982134,5.50095985913201,62.095368443350814,1.4409701665169965,26.8663024836711
2021-05-27,48993.462,126892.46187096775,-1.9917395656341392,1.207118054837276,58.57276585828178,4.635791688474054,24.42699480920305
2022-03-16,12125.688,80136.17130967742,-1.985958165023211,4.669545314296935,79.3610864695768,0.1354981259409186,13.907001093708958
2021-01-08,6751.867,54427.477266233764,-1.963857034485287,14.40355486018558,86.66274881139164,0.5592727516704843,5.111594886553638
2021-02-09,10786.319,75421.59182978724,-1.963015695524785,12.217077982301166,83.02986784635226,0.8425970722682076,12.107168278920247
2021-05-23,50523.534,126892.46187096775,-1.9526183324255375,8.817386954575634,61.13053263061477,5.0415480561897255,19.391935423368935
2021-10-30,15079.026,85751.42312903225,-1.9525013628922911,16.99792105657925,86.14662713855809,0.7819006075315501,19.478584225028985
2022-08-13,52832.3,137568.08058064515,-1.9098031290412483,1.0325164158624875,45.95858638268843,4.30334321334957,32.586080829715826
2021-02-21,12973.808,75421.59182978724,-1.8965802176070854,8.04977937430941,77.04739913104012,0.8052565273635737,13.660531297546779
2021-11-20,13373.819,69072.79269333332,-1.8779711477831529,4.196163938318271,82.98312212760094,0.7557902304755517,13.903327445997796
2021-01-07,9459.079,54427.477266233764,-1.8523413705985796,7.6697565120709035,85.67537688070074,0.9214972647616596,5.201794660348973
2021-04-15,35738.408,107629.26476666666,-1.8379805192294503,4.450564306116862,77.58887047390354,3.430974179192464,15.69296377110128
2022-10-20,19628.243,85751.42312903225,-1.8268178888143487,10.23108942777765,76.0422135779101,0.7398116686862747,20.658405147667978
2021-06-17,48900.77,134906.17729999998,-1.8150661046432126,7.008624466477618,69.70129001053542,5.069508052225583,23.827037186567914
2021-10-29,21140.397,85751.42312903225,-1.7850408603584942,20.445332129434174,78.16358110712666,1.912178451244403,18.39547782454258
2021-12-23,11637.224,56682.65023225806,-1.7815829587395962,10.371644610839143,89.3414614538188,1.3838147672162806,13.27941507141276
2021-01-20,11233.722,54427.477266233764,-1.7792401534397835,8.737249429686857,85.8686675078274,1.0403833249590513,10.9594635117337
2022-03-14,19349.678,80136.17130967742,-1.7750121280832762,5.718788003222706,83.06573065806934,0.7874179251542704,12.737250570622386
2022-12-13,11929.539,56682.65023225806,-1.7700216645940203,19.37996125835987,89.68828972376295,0.49297326119479884,16.746419226430426
2021-04-09,38404.394,107629.26476666666,-1.769821221191839,2.4334540095665997,75.67442514479318,3.670026828456383,16.93873875648274
2022-04-22,39077.837,107629.26476666666,-1.7526038006396145,16.615251650182923,79.6507749158435,1.5756753169250743,13.318418394228464
2022-03-15,20170.948,80136.17130967742,-1.7510304155175527,2.8768433021591724,69.22640381695217,0.6244505599204998,16.24020276203908
2021-09-24,40237.069,114969.74455333332,-1.7490065150498,2.9986299126597404,73.73888274989298,4.333580080451972,24.34333983564918
2023-09-03,40358.722,114969.74455333332,-1.7461594085063776,12.348498487125573,81.26941493359936,1.6720062934166182,22.789071351847383
2021-04-25,39573.689,107629.26476666666,-1.7399267182203724,5.6503051889798845,75.242467237105,3.5039969831756195,18.486698374836987
2022-04-05,40395.657,107629.26476666666,-1.7189120685225197,7.406205462147418,76.31855575164893,2.765940208515969,10.105636884472418
2022-11-16,18377.453,69072.79269333332,-1.7092664183602568,3.0457051880817607,83.88443679155165,0.8927235272774876,15.925696879305853
2023-10-19,23919.189,85751.42312903225,-1.7082697957335282,33.041923413953036,83.34135987641491,0.8249491982140469,19.794875740200947
2021-05-03,60167.138,126892.46187096775,-1.706048444828481,0.7818084472451401,61.6540695252272,6.3064329554720535,19.52034132491803
2021-12-26,13596.787,56682.65023225806,-1.7040806607398815,5.203491800880376,87.51633289893265,1.1777625703427166,14.36697101419813
2021-05-10,60336.343,126892.46187096775,-1.7017221724275338,3.267456034527411,67.09133042390299,6.7564778371333265,18.18421145645267
2021-04-10,41273.187,107629.26476666666,-1.6964769061447185,6.362649109080921,78.46814638776573,4.322214348584518,17.934879105824923
2021-07-06,66480.987,146387.5244967742,-1.6950256251885925,0.6224170653562058,54.06862596348595,7.840919510837907,28.47956334617572
2021-06-19,54624.841,134906.17729999998,-1.6942647785541354,1.0928520820896188,64.18928467746558,4.780823837807106,23.714657815803733
2021-01-25,13407.35,54427.477266233764,-1.6897039185742704,2.9280006497594857,85.19208808671611,1.2524667459873877,14.418256007105057
2021-01-09,13444.272,54427.477266233764,-1.6881830249974006,4.200659477740974,85.96630571787293,1.798604368184244,4.997912039694491
2021-07-11,67079.337,146387.5244967742,-1.6823330644219274,0.18914146539872626,41.13032261056513,8.891801394890539,36.0320857964922
2021-04-14,42017.205,107629.26476666666,-1.6774551466128427,3.988777529595086,71.76484453045416,3.480091605752855,18.478238923188528
2021-06-05,55434.591,134906.17729999998,-1.6771757393370066,4.981379565360801,64.44696338069802,5.787288294855533,25.159092435096614
2021-04-24,42255.099,107629.26476666666,-1.6713730861491496,2.3648535323872393,69.20056948308924,4.578275315397456,18.598190955299067
2021-12-25,14476.055,56682.65023225806,-1.6693049017785142,6.18353654875858,88.73832619780077,0.9621323896621007,13.327717445572372
2022-10-31,25333.88,85751.42312903225,-1.6691854259119085,3.1240567571703797,75.66869854738809,1.5626114444493635,20.171351448613535
2021-06-18,55868.242,134906.17729999998,-1.668023928351459,3.0797956157109163,66.41516713883543,6.170251585424723,24.65432389930708
2022-03-24,23033.911,80136.17130967742,-1.6674297047253637,5.250626574171319,81.1805588546898,0.6983831644919869,13.251360518257027
2021-02-05,21021.365,75421.59182978724,-1.6521706249805952,7.709937686265267,79.83898044076442,3.8862903027718096,14.892317765437118
2021-10-31,25988.978,85751.42312903225,-1.6510867085938488,10.863696383651039,85.4134260491227,2.569359284868674,21.245410155456213
2021-06-20,56677.839,134906.17729999998,-1.650938118060542,1.086555861937649,64.67441057781198,6.057216649531622,23.24259260674474
2022-09-13,44637.669,114969.74455333332,-1.6460170527678648,6.7648746100992625,73.61935005277961,2.9476023990330487,25.027920438128675
2021-04-26,43345.481,107629.26476666666,-1.643496093654498,5.8559039708182095,78.95623265215858,4.4289603703895715,18.67340355250445
2021-09-01,44852.752,114969.74455333332,-1.6409833567909555,8.251588752306255,70.05250969380975,4.859918250565736,26.888772742680054
2021-08-24,65093.248,137568.08058064515,-1.6334618161394756,2.9619786822941006,55.67892108747674,8.574832028485782,31.472176113528537
2022-03-17,24216.382,80136.17130967742,-1.6329006465114955,2.92782418749951,74.596538179832,0.5225179222889003,13.183888436498313
2021-02-06,21809.869,75421.59182978724,-1.6282232405228825,2.8057185854707765,83.33700849508176,2.8066993129356987,12.565555244671758
2022-12-05,15564.963,56682.65023225806,-1.6262377116395528,10.83889244999409,87.41409615798462,1.0409478712168205,12.546991179467883
2022-11-21,21045.493,69072.79269333332,-1.6193096057137955,5.920128431098389,83.55720513180252,1.4874589917825753,15.266111771259082
2021-09-06,46066.132,114969.74455333332,-1.6125860123961788,0.06030180031482175,47.26010321309164,5.261033226012649,32.1903701757063
2021-04-21,44588.144,107629.26476666666,-1.6117258451320706,5.887899841445033,72.81026549561622,3.404506188126763,17.92578883288176
2021-03-01,24982.08,80136.17130967742,-1.6105416788782576,0.3552325674588986,76.42033029676585,2.9423989605880725,14.062825161333665
2021-08-11,66215.812,137568.08058064515,-1.6081610963602,0.7141654634021635,44.75679677198972,9.301153652350498,36.04894348952094
2021-12-24,16130.366,56682.65023225806,-1.6038755667144176,6.983317924989814,89.29693722214327,1.305821903868845,13.357147210809542
2022-09-12,46877.138,114969.74455333332,-1.5936056297557606,4.720415592571489,54.314121309339455,3.269250786879819,30.337721859528493
2021-08-31,67076.343,137568.08058064515,-1.5887661632495895,3.7711987436544816,55.937290249575014,9.352896588358837,30.993903555020708
2021-02-04,23191.92,75421.59182978724,-1.586249443767043,5.833814919237552,80.06389665971132,3.4535679196572775,15.252031006923755
2022-12-12,16917.871,56682.65023225806,-1.5727291084549662,20.229833515915985,87.99409182935452,1.098555168041216,16.0279884571405
2021-06-01,60653.924,134906.17729999998,-1.5670264508847005,2.6249791248133114,64.75142265473208,6.7914502060541855,23.762004199517715
2022-03-11,26475.582,80136.17130967742,-1.5669302774142653,8.233999071534624,83.59900849130902,1.1709939687173119,13.023486248585913
2021-09-23,48018.833,114969.74455333332,-1.5668859655872442,8.850284737023463,72.44682180343494,5.887361555932149,23.99764997760056
2021-08-10,68264.557,137568.08058064515,-1.5619858019946304,0.018851567175731408,46.495035901924346,8.885057903436163,33.53378285947449
2021-05-31,65915.881,126892.46187096775,-1.5590632601055945,1.782187155110456,53.675183141078264,7.807691562452013,28.438324755239307
2022-12-09,17385.456,56682.65023225806,-1.5542357443680772,10.573998528955185,90.20135679832653,0.8173403793240653,13.524004952216137
2021-04-08,46867.216,107629.26476666666,-1.5534584920037442,1.8981677686509317,66.25585486449499,5.281158501742552,18.00094092115319
2023-06-07,61439.92,134906.17729999998,-1.5504387182900647,4.658919666287228,77.50135249037085,1.8053466635451132,22.440472049011614
2022-10-21,29666.074,85751.42312903225,-1.5494977538796406,5.147974600619754,80.35964241910752,1.7994449994910053,20.198225859096134
2021-08-25,69217.219,137568.08058064515,-1.5405143898467584,0.33274378660157655,59.41274465252822,8.974067589427476,30.385413753844063
2021-08-15,69229.401,137568.08058064515,-1.540239827890067,0.04935979268645059,32.67562921020639,10.015320339449172,39.09545016585905
2021-11-22,23436.06,69072.79269333332,-1.5387081950386134,5.9729923565673255,81.98339690398639,2.528708503063364,12.648743174834879
2022-03-25,27522.112,80136.17130967742,-1.5363708004439551,3.6838651979222883,80.05450582310465,1.0182752165046869,13.421157989606277
2022-12-08,17862.603,56682.65023225806,-1.53536419546474,14.620991087378965,90.05963010314824,1.004906345929374,13.663795799648462
2021-02-03,25094.435,75421.59182978724,-1.528468813432174,2.803810526024558,78.05612014768268,3.3306525913682874,15.371630858923686
2021-08-22,69817.882,137568.08058064515,-1.5269764479166956,0.020850234941374578,42.84716027196723,9.070122089192866,34.78626237768991
2021-04-27,48243.712,107629.26476666666,-1.518266633865112,4.517764033951918,79.70234701945806,4.459629302134438,18.807996845719877
2022-11-22,24048.069,69072.79269333332,-1.518073429836087,3.589686108458032,78.86166778926808,1.4693852763331487,13.806448875495674
2022-05-03,67590.937,126892.46187096775,-1.5162350426011453,4.504292245799285,75.36293769947711,4.79257422324831,18.029720772208723
2021-02-08,25599.31,75421.59182978724,-1.5131354280237452,3.5594654960878795,77.5946173169669,3.712787031133855,12.515145366597423
2023-01-08,17719.34,54427.477266233764,-1.512084128353614,7.831754109257448,87.68778291678535,1.0091600529393814,14.754915897130415
2021-02-11,25639.322,75421.59182978724,-1.5119202372993836,2.3956019889700517,82.89066530321158,3.6020159868905464,16.238729732015326
2022-03-23,28595.336,80136.17130967742,-1.5050318382431738,8.749560465770795,81.12578035439668,1.382226417722659,12.301065847853726
2021-01-26,17950.104,54427.477266233764,-1.5025784817100736,1.0182733679116645,86.69188491866521,2.3758892691641167,15.27079904376403
