value,percentage,datetime
123.83,0.6616264159008335,2024-01-01T00:00:00.000+01:00
111.11,0.6892679900744417,2024-01-01T01:00:00.000+01:00
110.77,0.6998799519807923,2024-01-01T02:00:00.000+01:00
109.28,0.7152768687000917,2024-01-01T03:00:00.000+01:00
110.16,0.7216035634743875,2024-01-01T04:00:00.000+01:00
111.47,0.7259051836415733,2024-01-01T05:00:00.000+01:00
109.95,0.7212200721548049,2024-01-01T06:00:00.000+01:00
106.89,0.715078940326465,2024-01-01T07:00:00.000+01:00
107.31,0.7121714892487391,2024-01-01T08:00:00.000+01:00
103.25,0.7094269616600247,2024-01-01T09:00:00.000+01:00
76.42,0.7535002957996451,2024-01-01T10:00:00.000+01:00
47.6,0.9242718446601942,2024-01-01T11:00:00.000+01:00
46.4,0.9354838709677419,2024-01-01T12:00:00.000+01:00
44.73,0.9559734986108143,2024-01-01T13:00:00.000+01:00
44.17,0.9623093681917212,2024-01-01T14:00:00.000+01:00
51.29,0.899666725135941,2024-01-01T15:00:00.000+01:00
68.26,0.7868587896253603,2024-01-01T16:00:00.000+01:00
88.6,0.7054140127388535,2024-01-01T17:00:00.000+01:00
96.15,0.6693351896971806,2024-01-01T18:00:00.000+01:00
103.34,0.6527698818773293,2024-01-01T19:00:00.000+01:00
110.1,0.643859649122807,2024-01-01T20:00:00.000+01:00
110.04,0.6471418489767113,2024-01-01T21:00:00.000+01:00
94.09,0.664524330814323,2024-01-01T22:00:00.000+01:00
88.48,0.6776441755380257,2024-01-01T23:00:00.000+01:00
91.46,0.7075661457527465,2024-01-02T00:00:00.000+01:00
76.88,0.7546132705143306,2024-01-02T01:00:00.000+01:00
56.3,0.9338198706253109,2024-01-02T02:00:00.000+01:00
68.42,0.8301383159427324,2024-01-02T03:00:00.000+01:00
63.93,0.8647369132963614,2024-01-02T04:00:00.000+01:00
67.19,0.8220971491496392,2024-01-02T05:00:00.000+01:00
89.71,0.7119841269841269,2024-01-02T06:00:00.000+01:00
93.24,0.675946063505872,2024-01-02T07:00:00.000+01:00
125.91,0.7007067727753353,2024-01-02T08:00:00.000+01:00
122.36,0.6929044679766692,2024-01-02T09:00:00.000+01:00
166.54,0.7690957790708414,2024-01-02T10:00:00.000+01:00
168.85,0.7638543315991856,2024-01-02T11:00:00.000+01:00
160.32,0.7808299240210403,2024-01-02T12:00:00.000+01:00
157.66,0.7857071663510415,2024-01-02T13:00:00.000+01:00
108.08,0.7153825787662167,2024-01-02T14:00:00.000+01:00
106.14,0.721402841024944,2024-01-02T15:00:00.000+01:00
109.95,0.7157737126489161,2024-01-02T16:00:00.000+01:00
122.86,0.7018165200502685,2024-01-02T17:00:00.000+01:00
178.28,0.7552637153145519,2024-01-02T18:00:00.000+01:00
183.55,0.7461382113821139,2024-01-02T19:00:00.000+01:00
178.35,0.754601226993865,2024-01-02T20:00:00.000+01:00
173.51,0.7665900857117611,2024-01-02T21:00:00.000+01:00
115.47,0.7139677239844185,2024-01-02T22:00:00.000+01:00
106.55,0.7265598363450392,2024-01-02T23:00:00.000+01:00
43.14,0.8638366039247097,2024-01-03T00:00:00.000+01:00
39.37,0.9248296922715527,2024-01-03T01:00:00.000+01:00
40.27,0.926386013342535,2024-01-03T02:00:00.000+01:00
39.27,0.9246526960207204,2024-01-03T03:00:00.000+01:00
39.72,0.9254426840633737,2024-01-03T04:00:00.000+01:00
38.3,0.9454455689953097,2024-01-03T05:00:00.000+01:00
40.71,0.894921960870521,2024-01-03T06:00:00.000+01:00
88.47,0.6607663006946001,2024-01-03T07:00:00.000+01:00
129.54,0.6765904105296145,2024-01-03T08:00:00.000+01:00
134.79,0.6679716536993905,2024-01-03T09:00:00.000+01:00
180.64,0.7396003930560104,2024-01-03T10:00:00.000+01:00
172.19,0.7509703868463518,2024-01-03T11:00:00.000+01:00
169.62,0.7551420176297747,2024-01-03T12:00:00.000+01:00
169.46,0.7535574528637496,2024-01-03T13:00:00.000+01:00
126.23,0.6741975110826256,2024-01-03T14:00:00.000+01:00
133.38,0.668873175868813,2024-01-03T15:00:00.000+01:00
135.56,0.6675201890880442,2024-01-03T16:00:00.000+01:00
160.46,0.641762988441387,2024-01-03T17:00:00.000+01:00
216.52,0.6968331616889804,2024-01-03T18:00:00.000+01:00
229.24,0.6871908630354626,2024-01-03T19:00:00.000+01:00
240.35,0.6797036282910551,2024-01-03T20:00:00.000+01:00
241.78,0.680993690851735,2024-01-03T21:00:00.000+01:00
168.74,0.6417433635049822,2024-01-03T22:00:00.000+01:00
156.73,0.6441576589535982,2024-01-03T23:00:00.000+01:00
133.92,0.5970308947438812,2024-01-04T00:00:00.000+01:00
132.54,0.6037168625307461,2024-01-04T01:00:00.000+01:00
128.7,0.6160547604231488,2024-01-04T02:00:00.000+01:00
115.84,0.6229966655910509,2024-01-04T03:00:00.000+01:00
112.04,0.6262716601453326,2024-01-04T04:00:00.000+01:00
111.53,0.6207491512216842,2024-01-04T05:00:00.000+01:00
131.04,0.6017081458352466,2024-01-04T06:00:00.000+01:00
133.45,0.5854097210036848,2024-01-04T07:00:00.000+01:00
158.58,0.6229083195851992,2024-01-04T08:00:00.000+01:00
161.8,0.6224752818066402,2024-01-04T09:00:00.000+01:00
208.95,0.6874485935186708,2024-01-04T10:00:00.000+01:00
203.28,0.6922998331233184,2024-01-04T11:00:00.000+01:00
201.95,0.6941055164117546,2024-01-04T12:00:00.000+01:00
197.08,0.6962973431317129,2024-01-04T13:00:00.000+01:00
154.09,0.6258732737611699,2024-01-04T14:00:00.000+01:00
162.32,0.6220587108147466,2024-01-04T15:00:00.000+01:00
164.29,0.6228060199401039,2024-01-04T16:00:00.000+01:00
166.31,0.6244977657617062,2024-01-04T17:00:00.000+01:00
216.76,0.678796229605737,2024-01-04T18:00:00.000+01:00
219.31,0.6783273019702453,2024-01-04T19:00:00.000+01:00
221.77,0.6782994341642452,2024-01-04T20:00:00.000+01:00
219.55,0.6818958288039259,2024-01-04T21:00:00.000+01:00
165.85,0.6252356178843399,2024-01-04T22:00:00.000+01:00
159.12,0.6377299507033787,2024-01-04T23:00:00.000+01:00
134.1,0.6090471432464347,2024-01-05T00:00:00.000+01:00
130.65,0.6187251373366167,2024-01-05T01:00:00.000+01:00
128.01,0.6243781094527363,2024-01-05T02:00:00.000+01:00
119.92,0.6292040505797786,2024-01-05T03:00:00.000+01:00
108.3,0.6393152302243211,2024-01-05T04:00:00.000+01:00
115.86,0.6292635237888333,2024-01-05T05:00:00.000+01:00
121.99,0.6192700137062794,2024-01-05T06:00:00.000+01:00
128.92,0.5987645720124471,2024-01-05T07:00:00.000+01:00
157.07,0.633474490824763,2024-01-05T08:00:00.000+01:00
155.92,0.6340273259596617,2024-01-05T09:00:00.000+01:00
191.66,0.7148025211651065,2024-01-05T10:00:00.000+01:00
169.92,0.746572934973638,2024-01-05T11:00:00.000+01:00
155.37,0.7720632081097197,2024-01-05T12:00:00.000+01:00
152.92,0.7762830600538099,2024-01-05T13:00:00.000+01:00
99.82,0.7139178944357031,2024-01-05T14:00:00.000+01:00
90.57,0.7477708058124174,2024-01-05T15:00:00.000+01:00
107.95,0.7087053571428572,2024-01-05T16:00:00.000+01:00
131.72,0.662842190016103,2024-01-05T17:00:00.000+01:00
190.57,0.7163208540069164,2024-01-05T18:00:00.000+01:00
194.6,0.7133692584039005,2024-01-05T19:00:00.000+01:00
196.88,0.7112202875514775,2024-01-05T20:00:00.000+01:00
195.12,0.7137318018874826,2024-01-05T21:00:00.000+01:00
142.41,0.6550296674485994,2024-01-05T22:00:00.000+01:00
134.82,0.6647273444433488,2024-01-05T23:00:00.000+01:00
101.88,0.6599300427516518,2024-01-06T00:00:00.000+01:00
94.49,0.677396229120367,2024-01-06T01:00:00.000+01:00
95.25,0.6830405163140911,2024-01-06T02:00:00.000+01:00
93.97,0.6835673237797337,2024-01-06T03:00:00.000+01:00
71.41,0.7485324947589099,2024-01-06T04:00:00.000+01:00
71.42,0.7485588512734515,2024-01-06T05:00:00.000+01:00
78.68,0.720578807583112,2024-01-06T06:00:00.000+01:00
94.46,0.6802534927264872,2024-01-06T07:00:00.000+01:00
92.9,0.6697909156452777,2024-01-06T08:00:00.000+01:00
93.4,0.6748554913294798,2024-01-06T09:00:00.000+01:00
62.84,0.7153916211293261,2024-01-06T10:00:00.000+01:00
36.38,0.9009410599306588,2024-01-06T11:00:00.000+01:00
34.12,0.9142550911039656,2024-01-06T12:00:00.000+01:00
33.82,0.9135602377093462,2024-01-06T13:00:00.000+01:00
34.17,0.9143698153599144,2024-01-06T14:00:00.000+01:00
39.71,0.9254253087858307,2024-01-06T15:00:00.000+01:00
66.11,0.7256064098342663,2024-01-06T16:00:00.000+01:00
112.89,0.6346056551801675,2024-01-06T17:00:00.000+01:00
134.9,0.610794168251381,2024-01-06T18:00:00.000+01:00
141.47,0.6058153477218226,2024-01-06T19:00:00.000+01:00
139.83,0.6027934646721559,2024-01-06T20:00:00.000+01:00
136.26,0.6075983233746544,2024-01-06T21:00:00.000+01:00
135.58,0.6103083502138196,2024-01-06T22:00:00.000+01:00
128.12,0.6159911534208375,2024-01-06T23:00:00.000+01:00
134.61,0.6155288307650099,2024-01-07T00:00:00.000+01:00
130.78,0.6209876543209877,2024-01-07T01:00:00.000+01:00
129.5,0.6278483467468244,2024-01-07T02:00:00.000+01:00
126.99,0.6335245697181342,2024-01-07T03:00:00.000+01:00
125.79,0.6364280293448015,2024-01-07T04:00:00.000+01:00
125.68,0.6355177993527509,2024-01-07T05:00:00.000+01:00
127.93,0.6307252378839422,2024-01-07T06:00:00.000+01:00
128.26,0.6227725176013595,2024-01-07T07:00:00.000+01:00
131.4,0.6163516112388011,2024-01-07T08:00:00.000+01:00
134.47,0.6130944239274153,2024-01-07T09:00:00.000+01:00
100.36,0.6219633118492811,2024-01-07T10:00:00.000+01:00
92.25,0.6228058331082905,2024-01-07T11:00:00.000+01:00
85.61,0.6285147933338228,2024-01-07T12:00:00.000+01:00
86.8,0.6263982102908278,2024-01-07T13:00:00.000+01:00
84.64,0.6287327291635715,2024-01-07T14:00:00.000+01:00
81.26,0.640700149806828,2024-01-07T15:00:00.000+01:00
100.59,0.626377732112834,2024-01-07T16:00:00.000+01:00
135.91,0.5962010879101597,2024-01-07T17:00:00.000+01:00
149.84,0.5883230594055519,2024-01-07T18:00:00.000+01:00
148.19,0.5886629061730356,2024-01-07T19:00:00.000+01:00
142.91,0.5871163879873464,2024-01-07T20:00:00.000+01:00
138.23,0.5904237143345292,2024-01-07T21:00:00.000+01:00
133.79,0.5947279516358464,2024-01-07T22:00:00.000+01:00
126.28,0.6009327115256496,2024-01-07T23:00:00.000+01:00
130.53,0.6001379310344828,2024-01-08T00:00:00.000+01:00
128.24,0.6037096318614067,2024-01-08T01:00:00.000+01:00
126.22,0.6075571600481348,2024-01-08T02:00:00.000+01:00
123.32,0.6101627826431151,2024-01-08T03:00:00.000+01:00
122.81,0.6102663486384416,2024-01-08T04:00:00.000+01:00
126.14,0.6057433730311179,2024-01-08T05:00:00.000+01:00
137.54,0.5932539682539683,2024-01-08T06:00:00.000+01:00
152.44,0.5784979697165193,2024-01-08T07:00:00.000+01:00
184.99,0.605750024558761,2024-01-08T08:00:00.000+01:00
179.14,0.604957449682561,2024-01-08T09:00:00.000+01:00
220.88,0.6664051893196561,2024-01-08T10:00:00.000+01:00
211.72,0.6727249618708693,2024-01-08T11:00:00.000+01:00
202.53,0.6796536796536796,2024-01-08T12:00:00.000+01:00
200.75,0.6813630655398296,2024-01-08T13:00:00.000+01:00
158.47,0.613107904205517,2024-01-08T14:00:00.000+01:00
168.75,0.6098001662270083,2024-01-08T15:00:00.000+01:00
177.66,0.6064930188099545,2024-01-08T16:00:00.000+01:00
189.17,0.6018005980785137,2024-01-08T17:00:00.000+01:00
244.85,0.6532120371358445,2024-01-08T18:00:00.000+01:00
245.37,0.6536750406265818,2024-01-08T19:00:00.000+01:00
249.46,0.6517740502691122,2024-01-08T20:00:00.000+01:00
245.05,0.654304176011962,2024-01-08T21:00:00.000+01:00
179.52,0.6086661693903845,2024-01-08T22:00:00.000+01:00
171.32,0.613390619405657,2024-01-08T23:00:00.000+01:00
135.73,0.5784359684636693,2024-01-09T00:00:00.000+01:00
138.38,0.5805017199429482,2024-01-09T01:00:00.000+01:00
137.24,0.5823397123095855,2024-01-09T02:00:00.000+01:00
136.85,0.5811780693931287,2024-01-09T03:00:00.000+01:00
134.99,0.5815025415697423,2024-01-09T04:00:00.000+01:00
135.02,0.5806063212212428,2024-01-09T05:00:00.000+01:00
140.78,0.5779857946380917,2024-01-09T06:00:00.000+01:00
144.16,0.5710663920139439,2024-01-09T07:00:00.000+01:00
185.68,0.6024072932550368,2024-01-09T08:00:00.000+01:00
181.92,0.6010506492219249,2024-01-09T09:00:00.000+01:00
218.54,0.6645381013197105,2024-01-09T10:00:00.000+01:00
214.7,0.6660049012004838,2024-01-09T11:00:00.000+01:00
213.66,0.6662924501824304,2024-01-09T12:00:00.000+01:00
212.79,0.6664891784383125,2024-01-09T13:00:00.000+01:00
163.37,0.6040896317112854,2024-01-09T14:00:00.000+01:00
173.85,0.6023908523908523,2024-01-09T15:00:00.000+01:00
186.15,0.5996327792810205,2024-01-09T16:00:00.000+01:00
203.04,0.5964922588795205,2024-01-09T17:00:00.000+01:00
252.94,0.6486638970097964,2024-01-09T18:00:00.000+01:00
255.27,0.6475318350159809,2024-01-09T19:00:00.000+01:00
266.36,0.6428071530274876,2024-01-09T20:00:00.000+01:00
244.9,0.6532408642304615,2024-01-09T21:00:00.000+01:00
172.73,0.6069433219719597,2024-01-09T22:00:00.000+01:00
166.2,0.6103338107304175,2024-01-09T23:00:00.000+01:00
129.7,0.5841552943295951,2024-01-10T00:00:00.000+01:00
128.02,0.5868708169065737,2024-01-10T01:00:00.000+01:00
125.13,0.589846327896672,2024-01-10T02:00:00.000+01:00
122.57,0.588232471085089,2024-01-10T03:00:00.000+01:00
121.35,0.5880785073903562,2024-01-10T04:00:00.000+01:00
122.32,0.5863292110056562,2024-01-10T05:00:00.000+01:00
132.97,0.5832785015572224,2024-01-10T06:00:00.000+01:00
140.92,0.5755125377766886,2024-01-10T07:00:00.000+01:00
186.1,0.6052032520325203,2024-01-10T08:00:00.000+01:00
184.83,0.6035659471638964,2024-01-10T09:00:00.000+01:00
214.45,0.6705124597442391,2024-01-10T10:00:00.000+01:00
210.89,0.6719237876760338,2024-01-10T11:00:00.000+01:00
206.88,0.6741616971355948,2024-01-10T12:00:00.000+01:00
204.57,0.6749925759725476,2024-01-10T13:00:00.000+01:00
149.93,0.6127344803629082,2024-01-10T14:00:00.000+01:00
150.9,0.6143386394170094,2024-01-10T15:00:00.000+01:00
156.78,0.6120632441928558,2024-01-10T16:00:00.000+01:00
162.39,0.6125844052963144,2024-01-10T17:00:00.000+01:00
223.13,0.6672148794928533,2024-01-10T18:00:00.000+01:00
235.88,0.6602104791759964,2024-01-10T19:00:00.000+01:00
234.48,0.6614759647935002,2024-01-10T20:00:00.000+01:00
219.64,0.6709638002138384,2024-01-10T21:00:00.000+01:00
162.33,0.6157026360705482,2024-01-10T22:00:00.000+01:00
151.47,0.6203972967438051,2024-01-10T23:00:00.000+01:00
129.37,0.5850669319826338,2024-01-11T00:00:00.000+01:00
123.81,0.5895995047383209,2024-01-11T01:00:00.000+01:00
119.94,0.5936448228073649,2024-01-11T02:00:00.000+01:00
116.64,0.5931651749389748,2024-01-11T03:00:00.000+01:00
116.14,0.5933381015632982,2024-01-11T04:00:00.000+01:00
117.36,0.5913534213443515,2024-01-11T05:00:00.000+01:00
123.3,0.5893599732326371,2024-01-11T06:00:00.000+01:00
140.06,0.5784973772252282,2024-01-11T07:00:00.000+01:00
178.36,0.6104038329911019,2024-01-11T08:00:00.000+01:00
172.71,0.6109087050334264,2024-01-11T09:00:00.000+01:00
207.18,0.6797021095108429,2024-01-11T10:00:00.000+01:00
193.19,0.6915202061781867,2024-01-11T11:00:00.000+01:00
190.54,0.6943118463724811,2024-01-11T12:00:00.000+01:00
188.24,0.6961023592929517,2024-01-11T13:00:00.000+01:00
138.82,0.6258227391578758,2024-01-11T14:00:00.000+01:00
141.71,0.6250716774734242,2024-01-11T15:00:00.000+01:00
158.2,0.6183793925653754,2024-01-11T16:00:00.000+01:00
184.9,0.6094264996704022,2024-01-11T17:00:00.000+01:00
247.19,0.657210464745294,2024-01-11T18:00:00.000+01:00
251.23,0.6550294623768056,2024-01-11T19:00:00.000+01:00
234.02,0.6649239948856371,2024-01-11T20:00:00.000+01:00
222.51,0.6725607544432354,2024-01-11T21:00:00.000+01:00
162.67,0.6192941713937641,2024-01-11T22:00:00.000+01:00
153.63,0.6222609259184252,2024-01-11T23:00:00.000+01:00
126.02,0.586139534883721,2024-01-12T00:00:00.000+01:00
123.68,0.5885880169418931,2024-01-12T01:00:00.000+01:00
122.62,0.5906266557487597,2024-01-12T02:00:00.000+01:00
119.17,0.5894544195479052,2024-01-12T03:00:00.000+01:00
119.26,0.5892292490118577,2024-01-12T04:00:00.000+01:00
120.82,0.5870177825284228,2024-01-12T05:00:00.000+01:00
126.13,0.5862966578347976,2024-01-12T06:00:00.000+01:00
140.36,0.5773043227902769,2024-01-12T07:00:00.000+01:00
176.85,0.6095543377106815,2024-01-12T08:00:00.000+01:00
165.34,0.6116002071465562,2024-01-12T09:00:00.000+01:00
208.69,0.6760504065567398,2024-01-12T10:00:00.000+01:00
202.29,0.6814093711051975,2024-01-12T11:00:00.000+01:00
199.06,0.6839139696282553,2024-01-12T12:00:00.000+01:00
198.68,0.6840184534875714,2024-01-12T13:00:00.000+01:00
146.29,0.6188502051694235,2024-01-12T14:00:00.000+01:00
149.95,0.6197305339725575,2024-01-12T15:00:00.000+01:00
160.97,0.6145065852261882,2024-01-12T16:00:00.000+01:00
168.69,0.6116610464483847,2024-01-12T17:00:00.000+01:00
242.28,0.6578690127077225,2024-01-12T18:00:00.000+01:00
235.14,0.6630946673810665,2024-01-12T19:00:00.000+01:00
223.68,0.6703428434428195,2024-01-12T20:00:00.000+01:00
214.41,0.6770770833991221,2024-01-12T21:00:00.000+01:00
160.68,0.621153548786145,2024-01-12T22:00:00.000+01:00
158.48,0.6240107099263693,2024-01-12T23:00:00.000+01:00
134.36,0.5988589766446782,2024-01-13T00:00:00.000+01:00
133.24,0.6036607466473359,2024-01-13T01:00:00.000+01:00
128.66,0.6107471755435299,2024-01-13T02:00:00.000+01:00
126.03,0.6162836185819071,2024-01-13T03:00:00.000+01:00
122.25,0.6197718631178707,2024-01-13T04:00:00.000+01:00
122.26,0.6197911385988036,2024-01-13T05:00:00.000+01:00
124.65,0.6141906873614191,2024-01-13T06:00:00.000+01:00
129.06,0.6012578616352201,2024-01-13T07:00:00.000+01:00
134.34,0.591675842325479,2024-01-13T08:00:00.000+01:00
135.64,0.5885364689547447,2024-01-13T09:00:00.000+01:00
129.15,0.5868320610687023,2024-01-13T10:00:00.000+01:00
119.62,0.5892320575341117,2024-01-13T11:00:00.000+01:00
108.92,0.5955818022747157,2024-01-13T12:00:00.000+01:00
106.26,0.5979404648022059,2024-01-13T13:00:00.000+01:00
109.57,0.5952303346371143,2024-01-13T14:00:00.000+01:00
119.7,0.5982008995502248,2024-01-13T15:00:00.000+01:00
131.45,0.5903089635351176,2024-01-13T16:00:00.000+01:00
140.99,0.5867493445420118,2024-01-13T17:00:00.000+01:00
150.67,0.5825021263434624,2024-01-13T18:00:00.000+01:00
145.56,0.5852834740651388,2024-01-13T19:00:00.000+01:00
141.66,0.5861954812546553,2024-01-13T20:00:00.000+01:00
139.75,0.5887681159420289,2024-01-13T21:00:00.000+01:00
135.17,0.5920977703797801,2024-01-13T22:00:00.000+01:00
133.79,0.5978372581437955,2024-01-13T23:00:00.000+01:00
135.87,0.6121097445600757,2024-01-14T00:00:00.000+01:00
132.4,0.615298819592899,2024-01-14T01:00:00.000+01:00
130.43,0.6237983643407146,2024-01-14T02:00:00.000+01:00
124.9,0.6326292863293319,2024-01-14T03:00:00.000+01:00
122.19,0.6379679423588994,2024-01-14T04:00:00.000+01:00
118.93,0.6324045517388068,2024-01-14T05:00:00.000+01:00
118.14,0.628906042054831,2024-01-14T06:00:00.000+01:00
120.82,0.6235227331372246,2024-01-14T07:00:00.000+01:00
125.89,0.6177437558270769,2024-01-14T08:00:00.000+01:00
125.73,0.6127790232966176,2024-01-14T09:00:00.000+01:00
115.19,0.6066463029281651,2024-01-14T10:00:00.000+01:00
108.08,0.6103456065055343,2024-01-14T11:00:00.000+01:00
106.37,0.6107251535855773,2024-01-14T12:00:00.000+01:00
103.18,0.6120536243919801,2024-01-14T13:00:00.000+01:00
100.26,0.6137365328109696,2024-01-14T14:00:00.000+01:00
102.19,0.6212535716456927,2024-01-14T15:00:00.000+01:00
106.92,0.6214472537053182,2024-01-14T16:00:00.000+01:00
115.75,0.6137653109920993,2024-01-14T17:00:00.000+01:00
129.42,0.6002782931354359,2024-01-14T18:00:00.000+01:00
135.91,0.5963057213057212,2024-01-14T19:00:00.000+01:00
128.46,0.5989090400484871,2024-01-14T20:00:00.000+01:00
127.74,0.6018941714178014,2024-01-14T21:00:00.000+01:00
125.88,0.6027292315058654,2024-01-14T22:00:00.000+01:00
114.07,0.6113403719384748,2024-01-14T23:00:00.000+01:00
123.87,0.6145259711266557,2024-01-15T00:00:00.000+01:00
112.7,0.6271563717306623,2024-01-15T01:00:00.000+01:00
110.56,0.6297920820279123,2024-01-15T02:00:00.000+01:00
107.66,0.6344136711844431,2024-01-15T03:00:00.000+01:00
108.96,0.6369694843914415,2024-01-15T04:00:00.000+01:00
112.11,0.6326392415777892,2024-01-15T05:00:00.000+01:00
113.81,0.6221165409423856,2024-01-15T06:00:00.000+01:00
129.41,0.598704603284756,2024-01-15T07:00:00.000+01:00
165.34,0.6242543230385864,2024-01-15T08:00:00.000+01:00
165.26,0.6222372830302346,2024-01-15T09:00:00.000+01:00
208.99,0.6876706919811786,2024-01-15T10:00:00.000+01:00
202.2,0.6912820512820512,2024-01-15T11:00:00.000+01:00
196.86,0.6967015855039638,2024-01-15T12:00:00.000+01:00
193.36,0.7011640134895022,2024-01-15T13:00:00.000+01:00
146.76,0.6332686084142395,2024-01-15T14:00:00.000+01:00
155.09,0.6325298747909784,2024-01-15T15:00:00.000+01:00
159.95,0.6253665402510068,2024-01-15T16:00:00.000+01:00
164.3,0.6216420734014377,2024-01-15T17:00:00.000+01:00
228.97,0.6698554794921304,2024-01-15T18:00:00.000+01:00
232.37,0.6710659312097497,2024-01-15T19:00:00.000+01:00
225.46,0.676975738650012,2024-01-15T20:00:00.000+01:00
217.27,0.6848110442210106,2024-01-15T21:00:00.000+01:00
164.2,0.6281320530966681,2024-01-15T22:00:00.000+01:00
158.59,0.6354020593773789,2024-01-15T23:00:00.000+01:00
128.85,0.5980783512810991,2024-01-16T00:00:00.000+01:00
126.7,0.6032471551683093,2024-01-16T01:00:00.000+01:00
123.4,0.6038954683370853,2024-01-16T02:00:00.000+01:00
120.97,0.6060014026650636,2024-01-16T03:00:00.000+01:00
120.77,0.6065186822016874,2024-01-16T04:00:00.000+01:00
122.42,0.6036786823807879,2024-01-16T05:00:00.000+01:00
130.2,0.593978102189781,2024-01-16T06:00:00.000+01:00
140.41,0.5816246220123441,2024-01-16T07:00:00.000+01:00
195.0,0.6054584407116466,2024-01-16T08:00:00.000+01:00
186.16,0.6076908010707057,2024-01-16T09:00:00.000+01:00
211.48,0.6805251641137855,2024-01-16T10:00:00.000+01:00
202.03,0.6878319487947705,2024-01-16T11:00:00.000+01:00
203.3,0.6861289233884577,2024-01-16T12:00:00.000+01:00
199.34,0.6903310707854273,2024-01-16T13:00:00.000+01:00
150.07,0.62510934310826,2024-01-16T14:00:00.000+01:00
149.34,0.6292238982051066,2024-01-16T15:00:00.000+01:00
146.46,0.6330941471427337,2024-01-16T16:00:00.000+01:00
150.81,0.6315062183325656,2024-01-16T17:00:00.000+01:00
201.38,0.6934573002754821,2024-01-16T18:00:00.000+01:00
214.57,0.6832133987136215,2024-01-16T19:00:00.000+01:00
215.68,0.683699993660052,2024-01-16T20:00:00.000+01:00
202.39,0.6951638387030294,2024-01-16T21:00:00.000+01:00
137.51,0.6440749414519906,2024-01-16T22:00:00.000+01:00
117.44,0.6618575293056808,2024-01-16T23:00:00.000+01:00
62.31,0.7651031434184676,2024-01-17T00:00:00.000+01:00
59.31,0.7882775119617225,2024-01-17T01:00:00.000+01:00
48.53,0.889968824500275,2024-01-17T02:00:00.000+01:00
47.67,0.9067909454061251,2024-01-17T03:00:00.000+01:00
47.64,0.9067377236391321,2024-01-17T04:00:00.000+01:00
47.22,0.9042512447338185,2024-01-17T05:00:00.000+01:00
60.3,0.7831168831168831,2024-01-17T06:00:00.000+01:00
88.02,0.6657086673725608,2024-01-17T07:00:00.000+01:00
112.73,0.7124439107628135,2024-01-17T08:00:00.000+01:00
112.3,0.7116603295310518,2024-01-17T09:00:00.000+01:00
161.57,0.7829141832630712,2024-01-17T10:00:00.000+01:00
149.92,0.8128388635870744,2024-01-17T11:00:00.000+01:00
130.73,0.8831914606134307,2024-01-17T12:00:00.000+01:00
125.47,0.9061822909143434,2024-01-17T13:00:00.000+01:00
66.5,0.9287709497206704,2024-01-17T14:00:00.000+01:00
68.28,0.9317685589519651,2024-01-17T15:00:00.000+01:00
83.05,0.818791284629794,2024-01-17T16:00:00.000+01:00
110.44,0.7174223723528648,2024-01-17T17:00:00.000+01:00
162.41,0.7815312063904528,2024-01-17T18:00:00.000+01:00
168.94,0.7748119611080536,2024-01-17T19:00:00.000+01:00
175.29,0.7615675370378416,2024-01-17T20:00:00.000+01:00
166.78,0.7808783593969474,2024-01-17T21:00:00.000+01:00
110.75,0.7185958992992473,2024-01-17T22:00:00.000+01:00
83.61,0.8226092089728453,2024-01-17T23:00:00.000+01:00
40.13,0.9261481652434802,2024-01-18T00:00:00.000+01:00
41.42,0.9282832810398923,2024-01-18T01:00:00.000+01:00
40.47,0.9601423487544484,2024-01-18T02:00:00.000+01:00
37.83,0.9887611082070047,2024-01-18T03:00:00.000+01:00
38.7,0.9750566893424035,2024-01-18T04:00:00.000+01:00
40.81,0.9272892524426266,2024-01-18T05:00:00.000+01:00
39.91,0.9257712827650196,2024-01-18T06:00:00.000+01:00
69.41,0.6975178374032761,2024-01-18T07:00:00.000+01:00
115.7,0.710295291300878,2024-01-18T08:00:00.000+01:00
125.29,0.6919805589307412,2024-01-18T09:00:00.000+01:00
161.49,0.7810504933255948,2024-01-18T10:00:00.000+01:00
159.08,0.7846502910131202,2024-01-18T11:00:00.000+01:00
153.26,0.7963626916082099,2024-01-18T12:00:00.000+01:00
148.19,0.8089415361100497,2024-01-18T13:00:00.000+01:00
98.7,0.7365671641791045,2024-01-18T14:00:00.000+01:00
112.36,0.7122210953346856,2024-01-18T15:00:00.000+01:00
133.75,0.6826766026949775,2024-01-18T16:00:00.000+01:00
169.3,0.6380973918287351,2024-01-18T17:00:00.000+01:00
230.38,0.6895746655092939,2024-01-18T18:00:00.000+01:00
226.55,0.6946190403188718,2024-01-18T19:00:00.000+01:00
233.7,0.6892991977347805,2024-01-18T20:00:00.000+01:00
226.46,0.6961573931755303,2024-01-18T21:00:00.000+01:00
167.46,0.6450693374422187,2024-01-18T22:00:00.000+01:00
148.03,0.6678848583288216,2024-01-18T23:00:00.000+01:00
117.01,0.6196578933432189,2024-01-19T00:00:00.000+01:00
114.02,0.6283478452551527,2024-01-19T01:00:00.000+01:00
114.94,0.6311569930261929,2024-01-19T02:00:00.000+01:00
105.93,0.6384017356716688,2024-01-19T03:00:00.000+01:00
99.27,0.6443593405166818,2024-01-19T04:00:00.000+01:00
92.58,0.6493196801795483,2024-01-19T05:00:00.000+01:00
103.0,0.6319018404907976,2024-01-19T06:00:00.000+01:00
114.79,0.6067445425233893,2024-01-19T07:00:00.000+01:00
149.24,0.6444981862152358,2024-01-19T08:00:00.000+01:00
154.49,0.6388636175667852,2024-01-19T09:00:00.000+01:00
195.81,0.7073805137097648,2024-01-19T10:00:00.000+01:00
191.86,0.7109612391610465,2024-01-19T11:00:00.000+01:00
192.91,0.7101417264862876,2024-01-19T12:00:00.000+01:00
183.84,0.7218753681234539,2024-01-19T13:00:00.000+01:00
122.77,0.6675910821098423,2024-01-19T14:00:00.000+01:00
123.85,0.673134409478776,2024-01-19T15:00:00.000+01:00
127.35,0.6690307328605201,2024-01-19T16:00:00.000+01:00
133.99,0.659496972978294,2024-01-19T17:00:00.000+01:00
195.33,0.7081535728528441,2024-01-19T18:00:00.000+01:00
202.18,0.7059850548222641,2024-01-19T19:00:00.000+01:00
200.67,0.7077058719802505,2024-01-19T20:00:00.000+01:00
196.71,0.7096064355542728,2024-01-19T21:00:00.000+01:00
140.64,0.6540178571428571,2024-01-19T22:00:00.000+01:00
125.36,0.6726765400300493,2024-01-19T23:00:00.000+01:00
118.63,0.6166441418026822,2024-01-20T00:00:00.000+01:00
109.04,0.6304347826086957,2024-01-20T01:00:00.000+01:00
111.95,0.6369481110605372,2024-01-20T02:00:00.000+01:00
112.78,0.6386545104479302,2024-01-20T03:00:00.000+01:00
112.61,0.6387770151454989,2024-01-20T04:00:00.000+01:00
118.22,0.6413845486111112,2024-01-20T05:00:00.000+01:00
122.86,0.6360530130461793,2024-01-20T06:00:00.000+01:00
123.93,0.6200840588411888,2024-01-20T07:00:00.000+01:00
126.59,0.600863869375356,2024-01-20T08:00:00.000+01:00
131.86,0.598900849343689,2024-01-20T09:00:00.000+01:00
122.7,0.5969350522987108,2024-01-20T10:00:00.000+01:00
116.05,0.6022627017489232,2024-01-20T11:00:00.000+01:00
113.38,0.6029888847524331,2024-01-20T12:00:00.000+01:00
106.47,0.6038795303726391,2024-01-20T13:00:00.000+01:00
112.19,0.6044719827586207,2024-01-20T14:00:00.000+01:00
119.86,0.602099763902145,2024-01-20T15:00:00.000+01:00
132.59,0.601151614073268,2024-01-20T16:00:00.000+01:00
139.73,0.5951022146507666,2024-01-20T17:00:00.000+01:00
142.94,0.5885210803689065,2024-01-20T18:00:00.000+01:00
143.64,0.5905764328591399,2024-01-20T19:00:00.000+01:00
143.85,0.5900570162845071,2024-01-20T20:00:00.000+01:00
144.01,0.5911983250543947,2024-01-20T21:00:00.000+01:00
138.71,0.594887850066475,2024-01-20T22:00:00.000+01:00
128.63,0.5999253766148966,2024-01-20T23:00:00.000+01:00
116.2,0.6271927457224592,2024-01-21T00:00:00.000+01:00
104.58,0.6388905858635225,2024-01-21T01:00:00.000+01:00
105.23,0.6438842317811907,2024-01-21T02:00:00.000+01:00
105.42,0.646788146512056,2024-01-21T03:00:00.000+01:00
105.74,0.6477579024748835,2024-01-21T04:00:00.000+01:00
105.8,0.6478873239436619,2024-01-21T05:00:00.000+01:00
105.11,0.6463932107496463,2024-01-21T06:00:00.000+01:00
105.68,0.6417294146222978,2024-01-21T07:00:00.000+01:00
105.25,0.6365285757484125,2024-01-21T08:00:00.000+01:00
102.66,0.635036496350365,2024-01-21T09:00:00.000+01:00
99.09,0.6282254485513218,2024-01-21T10:00:00.000+01:00
96.02,0.6283209004057061,2024-01-21T11:00:00.000+01:00
94.4,0.6261607853542054,2024-01-21T12:00:00.000+01:00
83.58,0.6380152671755726,2024-01-21T13:00:00.000+01:00
89.82,0.6303600252649307,2024-01-21T14:00:00.000+01:00
92.74,0.6330807563656221,2024-01-21T15:00:00.000+01:00
98.09,0.6329203768228158,2024-01-21T16:00:00.000+01:00
107.3,0.6231488472036704,2024-01-21T17:00:00.000+01:00
127.79,0.6034376918354819,2024-01-21T18:00:00.000+01:00
140.73,0.6007684098185698,2024-01-21T19:00:00.000+01:00
143.2,0.5996147726321078,2024-01-21T20:00:00.000+01:00
141.29,0.5991688223569823,2024-01-21T21:00:00.000+01:00
120.29,0.6102374188311689,2024-01-21T22:00:00.000+01:00
98.86,0.6254586865747185,2024-01-21T23:00:00.000+01:00
93.18,0.6647167926951063,2024-01-22T00:00:00.000+01:00
87.45,0.676595744680851,2024-01-22T01:00:00.000+01:00
80.21,0.6962069264820762,2024-01-22T02:00:00.000+01:00
68.66,0.733077087337177,2024-01-22T03:00:00.000+01:00
72.11,0.7195888633868874,2024-01-22T04:00:00.000+01:00
85.49,0.6812495019523468,2024-01-22T05:00:00.000+01:00
95.4,0.6606190707014751,2024-01-22T06:00:00.000+01:00
118.99,0.6133821330996443,2024-01-22T07:00:00.000+01:00
160.72,0.6342291148731305,2024-01-22T08:00:00.000+01:00
154.38,0.6404746100232327,2024-01-22T09:00:00.000+01:00
185.34,0.722798533655721,2024-01-22T10:00:00.000+01:00
174.56,0.7379412386387656,2024-01-22T11:00:00.000+01:00
168.86,0.7454200326667549,2024-01-22T12:00:00.000+01:00
169.51,0.7434975218211325,2024-01-22T13:00:00.000+01:00
121.09,0.6691534040671971,2024-01-22T14:00:00.000+01:00
122.3,0.6709089911679192,2024-01-22T15:00:00.000+01:00
129.68,0.662477650063857,2024-01-22T16:00:00.000+01:00
144.56,0.6463670914375139,2024-01-22T17:00:00.000+01:00
216.78,0.688277876555753,2024-01-22T18:00:00.000+01:00
225.11,0.6821101751409007,2024-01-22T19:00:00.000+01:00
242.42,0.6707431796801505,2024-01-22T20:00:00.000+01:00
223.62,0.6842089159501882,2024-01-22T21:00:00.000+01:00
164.32,0.6354460729339882,2024-01-22T22:00:00.000+01:00
142.91,0.653034180222994,2024-01-22T23:00:00.000+01:00
100.96,0.6229791435270887,2024-01-23T00:00:00.000+01:00
100.65,0.6304415909802693,2024-01-23T01:00:00.000+01:00
101.28,0.6338715734134435,2024-01-23T02:00:00.000+01:00
101.78,0.629631920816579,2024-01-23T03:00:00.000+01:00
100.22,0.6314264112903226,2024-01-23T04:00:00.000+01:00
104.02,0.6400443022397244,2024-01-23T05:00:00.000+01:00
109.51,0.625556951902205,2024-01-23T06:00:00.000+01:00
130.85,0.5922154333559629,2024-01-23T07:00:00.000+01:00
163.2,0.6260069044879172,2024-01-23T08:00:00.000+01:00
155.69,0.6289234498081195,2024-01-23T09:00:00.000+01:00
191.62,0.7028831340327195,2024-01-23T10:00:00.000+01:00
176.44,0.725821712123082,2024-01-23T11:00:00.000+01:00
170.61,0.7337433339067607,2024-01-23T12:00:00.000+01:00
169.54,0.7353081493689552,2024-01-23T13:00:00.000+01:00
120.13,0.6595476007466784,2024-01-23T14:00:00.000+01:00
124.68,0.6608013567945729,2024-01-23T15:00:00.000+01:00
128.15,0.6579555373004056,2024-01-23T16:00:00.000+01:00
146.0,0.6347826086956522,2024-01-23T17:00:00.000+01:00
212.58,0.6867166300555627,2024-01-23T18:00:00.000+01:00
234.82,0.6712595048882283,2024-01-23T19:00:00.000+01:00
252.07,0.661462160176341,2024-01-23T20:00:00.000+01:00
224.69,0.6779001357670841,2024-01-23T21:00:00.000+01:00
157.97,0.6306942947259153,2024-01-23T22:00:00.000+01:00
148.54,0.6373739540871057,2024-01-23T23:00:00.000+01:00
126.48,0.5952560240963856,2024-01-24T00:00:00.000+01:00
119.73,0.6026880096647538,2024-01-24T01:00:00.000+01:00
116.69,0.6128032769667051,2024-01-24T02:00:00.000+01:00
114.89,0.6157680351591811,2024-01-24T03:00:00.000+01:00
114.16,0.6167477039438142,2024-01-24T04:00:00.000+01:00
112.1,0.6099352521899994,2024-01-24T05:00:00.000+01:00
120.15,0.5997304582210243,2024-01-24T06:00:00.000+01:00
131.25,0.5848148643229515,2024-01-24T07:00:00.000+01:00
165.77,0.6202342200770757,2024-01-24T08:00:00.000+01:00
149.46,0.6267192217376719,2024-01-24T09:00:00.000+01:00
177.57,0.7152581970514783,2024-01-24T10:00:00.000+01:00
169.16,0.7324211984759266,2024-01-24T11:00:00.000+01:00
166.68,0.7357316265725006,2024-01-24T12:00:00.000+01:00
164.22,0.7383328837334772,2024-01-24T13:00:00.000+01:00
113.65,0.6613325574629036,2024-01-24T14:00:00.000+01:00
118.77,0.6625202208958555,2024-01-24T15:00:00.000+01:00
121.86,0.6556547939309157,2024-01-24T16:00:00.000+01:00
149.11,0.6272505468618542,2024-01-24T17:00:00.000+01:00
206.98,0.6855458399576048,2024-01-24T18:00:00.000+01:00
275.24,0.6466345589099025,2024-01-24T19:00:00.000+01:00
277.64,0.6459598427212024,2024-01-24T20:00:00.000+01:00
217.69,0.6788175496585488,2024-01-24T21:00:00.000+01:00
150.11,0.6303170270837707,2024-01-24T22:00:00.000+01:00
135.19,0.6436086646036657,2024-01-24T23:00:00.000+01:00
103.56,0.6144900017800985,2024-01-25T00:00:00.000+01:00
101.12,0.6255490256727497,2024-01-25T01:00:00.000+01:00
104.24,0.6346809547004383,2024-01-25T02:00:00.000+01:00
99.82,0.6432529965201701,2024-01-25T03:00:00.000+01:00
101.81,0.6400326900106872,2024-01-25T04:00:00.000+01:00
106.06,0.6262769412459404,2024-01-25T05:00:00.000+01:00
113.85,0.611111111111111,2024-01-25T06:00:00.000+01:00
122.14,0.5939505932697919,2024-01-25T07:00:00.000+01:00
160.56,0.6269670818852746,2024-01-25T08:00:00.000+01:00
153.1,0.6301967564007573,2024-01-25T09:00:00.000+01:00
184.86,0.7121778325692493,2024-01-25T10:00:00.000+01:00
175.2,0.7293618084176345,2024-01-25T11:00:00.000+01:00
174.26,0.7284203486184843,2024-01-25T12:00:00.000+01:00
173.98,0.7281021134128479,2024-01-25T13:00:00.000+01:00
123.83,0.6557750357464387,2024-01-25T14:00:00.000+01:00
122.5,0.6644968809330078,2024-01-25T15:00:00.000+01:00
130.24,0.65807690364307,2024-01-25T16:00:00.000+01:00
136.95,0.6443492989554908,2024-01-25T17:00:00.000+01:00
210.4,0.6895647614053487,2024-01-25T18:00:00.000+01:00
233.44,0.6738251933956818,2024-01-25T19:00:00.000+01:00
261.22,0.6586817287810782,2024-01-25T20:00:00.000+01:00
221.54,0.6826066861808657,2024-01-25T21:00:00.000+01:00
144.58,0.6410677071786458,2024-01-25T22:00:00.000+01:00
136.44,0.6496524140558042,2024-01-25T23:00:00.000+01:00
107.35,0.6288074039362699,2024-01-26T00:00:00.000+01:00
111.45,0.6316236894304336,2024-01-26T01:00:00.000+01:00
113.1,0.6391274864376131,2024-01-26T02:00:00.000+01:00
114.37,0.6416989283510071,2024-01-26T03:00:00.000+01:00
112.53,0.6429918290383407,2024-01-26T04:00:00.000+01:00
113.19,0.6393109291160689,2024-01-26T05:00:00.000+01:00
117.07,0.6272503214744963,2024-01-26T06:00:00.000+01:00
119.81,0.5995596256818296,2024-01-26T07:00:00.000+01:00
185.02,0.6166922205186322,2024-01-26T08:00:00.000+01:00
140.59,0.6452338335857544,2024-01-26T09:00:00.000+01:00
176.49,0.7272539970331301,2024-01-26T10:00:00.000+01:00
174.32,0.73642854125301,2024-01-26T11:00:00.000+01:00
166.86,0.7494610132950054,2024-01-26T12:00:00.000+01:00
159.3,0.7585714285714287,2024-01-26T13:00:00.000+01:00
112.47,0.6772037572254336,2024-01-26T14:00:00.000+01:00
116.45,0.6771529918008955,2024-01-26T15:00:00.000+01:00
124.51,0.6626749693969876,2024-01-26T16:00:00.000+01:00
137.66,0.651182592242195,2024-01-26T17:00:00.000+01:00
205.74,0.6965736728060672,2024-01-26T18:00:00.000+01:00
215.1,0.6896441167040719,2024-01-26T19:00:00.000+01:00
232.64,0.6768496697797561,2024-01-26T20:00:00.000+01:00
210.73,0.6938069996378362,2024-01-26T21:00:00.000+01:00
140.75,0.6524359152644509,2024-01-26T22:00:00.000+01:00
135.98,0.65872208496827,2024-01-26T23:00:00.000+01:00
112.2,0.6332900603939718,2024-01-27T00:00:00.000+01:00
109.23,0.6414351987785541,2024-01-27T01:00:00.000+01:00
108.73,0.6480510191917987,2024-01-27T02:00:00.000+01:00
105.54,0.6537413280475719,2024-01-27T03:00:00.000+01:00
103.8,0.6499686912961804,2024-01-27T04:00:00.000+01:00
105.58,0.6485257985257985,2024-01-27T05:00:00.000+01:00
107.07,0.6433335336177372,2024-01-27T06:00:00.000+01:00
110.41,0.62519818799547,2024-01-27T07:00:00.000+01:00
122.64,0.6109699596472874,2024-01-27T08:00:00.000+01:00
116.07,0.6126035784029134,2024-01-27T09:00:00.000+01:00
101.62,0.6210352624824299,2024-01-27T10:00:00.000+01:00
95.0,0.6358768406961178,2024-01-27T11:00:00.000+01:00
85.16,0.6443704600484261,2024-01-27T12:00:00.000+01:00
86.02,0.6432844750224349,2024-01-27T13:00:00.000+01:00
84.94,0.6413470250679553,2024-01-27T14:00:00.000+01:00
87.4,0.6502976190476191,2024-01-27T15:00:00.000+01:00
98.26,0.6402971458360485,2024-01-27T16:00:00.000+01:00
121.03,0.6192059756471913,2024-01-27T17:00:00.000+01:00
142.51,0.5975763166722576,2024-01-27T18:00:00.000+01:00
139.79,0.601764959104606,2024-01-27T19:00:00.000+01:00
139.55,0.6013012754222682,2024-01-27T20:00:00.000+01:00
136.01,0.603121812779921,2024-01-27T21:00:00.000+01:00
118.75,0.6098500410846344,2024-01-27T22:00:00.000+01:00
117.97,0.6187129595636439,2024-01-27T23:00:00.000+01:00
113.1,0.6458059727059898,2024-01-28T00:00:00.000+01:00
111.81,0.6576671960472914,2024-01-28T01:00:00.000+01:00
107.5,0.6701995012468828,2024-01-28T02:00:00.000+01:00
102.4,0.6844462268564935,2024-01-28T03:00:00.000+01:00
99.29,0.6929304208249005,2024-01-28T04:00:00.000+01:00
98.11,0.6942891515108627,2024-01-28T05:00:00.000+01:00
101.69,0.6836762135269597,2024-01-28T06:00:00.000+01:00
102.97,0.6670337500809742,2024-01-28T07:00:00.000+01:00
103.35,0.6514750378214826,2024-01-28T08:00:00.000+01:00
100.44,0.6457502893146457,2024-01-28T09:00:00.000+01:00
83.65,0.6657381615598886,2024-01-28T10:00:00.000+01:00
76.71,0.6746108521677953,2024-01-28T11:00:00.000+01:00
82.32,0.6621621621621622,2024-01-28T12:00:00.000+01:00
79.19,0.6647918065815983,2024-01-28T13:00:00.000+01:00
80.08,0.6663892818507114,2024-01-28T14:00:00.000+01:00
79.16,0.6754842563358648,2024-01-28T15:00:00.000+01:00
87.56,0.67003367003367,2024-01-28T16:00:00.000+01:00
105.82,0.6350978273916696,2024-01-28T17:00:00.000+01:00
114.3,0.61637187230371,2024-01-28T18:00:00.000+01:00
114.91,0.6162715863992277,2024-01-28T19:00:00.000+01:00
112.62,0.6171297057373006,2024-01-28T20:00:00.000+01:00
106.18,0.6272077500147675,2024-01-28T21:00:00.000+01:00
101.59,0.6273698511702588,2024-01-28T22:00:00.000+01:00
97.79,0.6358670914883933,2024-01-28T23:00:00.000+01:00
90.22,0.6435551751194807,2024-01-29T00:00:00.000+01:00
88.89,0.6528828497980169,2024-01-29T01:00:00.000+01:00
96.29,0.666782078803407,2024-01-29T02:00:00.000+01:00
98.03,0.6714383561643835,2024-01-29T03:00:00.000+01:00
101.89,0.6639082556851502,2024-01-29T04:00:00.000+01:00
110.93,0.6487513889701152,2024-01-29T05:00:00.000+01:00
125.33,0.6084275935725035,2024-01-29T06:00:00.000+01:00
129.63,0.5937342554848166,2024-01-29T07:00:00.000+01:00
165.52,0.625122743409623,2024-01-29T08:00:00.000+01:00
151.57,0.6316469411568595,2024-01-29T09:00:00.000+01:00
190.85,0.7075069508804448,2024-01-29T10:00:00.000+01:00
182.42,0.7190665773187749,2024-01-29T11:00:00.000+01:00
180.63,0.7200143500617849,2024-01-29T12:00:00.000+01:00
184.78,0.7145674620054913,2024-01-29T13:00:00.000+01:00
139.63,0.6415050996967748,2024-01-29T14:00:00.000+01:00
141.94,0.6430772018847408,2024-01-29T15:00:00.000+01:00
147.11,0.6396643186364032,2024-01-29T16:00:00.000+01:00
153.62,0.6309347790372926,2024-01-29T17:00:00.000+01:00
227.67,0.6742381615186425,2024-01-29T18:00:00.000+01:00
226.3,0.6779102510334911,2024-01-29T19:00:00.000+01:00
227.47,0.6770544989135934,2024-01-29T20:00:00.000+01:00
207.82,0.6927333333333333,2024-01-29T21:00:00.000+01:00
152.35,0.6365155629830792,2024-01-29T22:00:00.000+01:00
145.05,0.6436939735510784,2024-01-29T23:00:00.000+01:00
114.35,0.6138279027322991,2024-01-30T00:00:00.000+01:00
110.76,0.6173913043478261,2024-01-30T01:00:00.000+01:00
114.25,0.6222089097048251,2024-01-30T02:00:00.000+01:00
110.22,0.6286789869952087,2024-01-30T03:00:00.000+01:00
108.92,0.6298866527874161,2024-01-30T04:00:00.000+01:00
115.52,0.6248039374763373,2024-01-30T05:00:00.000+01:00
122.69,0.6082494670566656,2024-01-30T06:00:00.000+01:00
130.75,0.5895216195500247,2024-01-30T07:00:00.000+01:00
160.69,0.6261299875311721,2024-01-30T08:00:00.000+01:00
151.39,0.6305552084634929,2024-01-30T09:00:00.000+01:00
188.1,0.7091423185673892,2024-01-30T10:00:00.000+01:00
180.44,0.7202043585854554,2024-01-30T11:00:00.000+01:00
177.39,0.7225956250763779,2024-01-30T12:00:00.000+01:00
177.65,0.7225069139417603,2024-01-30T13:00:00.000+01:00
131.78,0.6469000049089392,2024-01-30T14:00:00.000+01:00
132.78,0.6485615200507986,2024-01-30T15:00:00.000+01:00
141.13,0.6414416871193528,2024-01-30T16:00:00.000+01:00
152.59,0.6320520255156987,2024-01-30T17:00:00.000+01:00
215.38,0.6834422796217554,2024-01-30T18:00:00.000+01:00
224.41,0.6771370809571227,2024-01-30T19:00:00.000+01:00
244.31,0.6647348515767421,2024-01-30T20:00:00.000+01:00
209.73,0.6881131270710982,2024-01-30T21:00:00.000+01:00
153.02,0.6330465000827403,2024-01-30T22:00:00.000+01:00
142.39,0.6438034091422887,2024-01-30T23:00:00.000+01:00
114.97,0.6081138262985295,2024-01-31T00:00:00.000+01:00
114.1,0.6148291841793297,2024-01-31T01:00:00.000+01:00
114.64,0.6179054600334177,2024-01-31T02:00:00.000+01:00
113.68,0.6195095367847412,2024-01-31T03:00:00.000+01:00
112.85,0.6197144426139484,2024-01-31T04:00:00.000+01:00
117.4,0.6133430855232224,2024-01-31T05:00:00.000+01:00
126.3,0.5993166935560406,2024-01-31T06:00:00.000+01:00
132.91,0.5875773651635721,2024-01-31T07:00:00.000+01:00
188.38,0.6104144389358737,2024-01-31T08:00:00.000+01:00
154.83,0.6241635088285092,2024-01-31T09:00:00.000+01:00
192.32,0.6985833636033417,2024-01-31T10:00:00.000+01:00
179.68,0.7133838885139159,2024-01-31T11:00:00.000+01:00
177.09,0.7166734115742613,2024-01-31T12:00:00.000+01:00
172.9,0.7222222222222222,2024-01-31T13:00:00.000+01:00
121.94,0.6495152870991797,2024-01-31T14:00:00.000+01:00
121.65,0.6519292604501608,2024-01-31T15:00:00.000+01:00
123.46,0.6507484714315833,2024-01-31T16:00:00.000+01:00
136.43,0.6392259757297475,2024-01-31T17:00:00.000+01:00
202.67,0.6901283753873396,2024-01-31T18:00:00.000+01:00
237.31,0.6651437860866641,2024-01-31T19:00:00.000+01:00
297.42,0.6385555102303713,2024-01-31T20:00:00.000+01:00
207.38,0.6868706942236353,2024-01-31T21:00:00.000+01:00
146.75,0.6332254584681769,2024-01-31T22:00:00.000+01:00
139.49,0.6427814386433806,2024-01-31T23:00:00.000+01:00
